ident,name,lat,lon,gt,pred,detected,confidence,bbox_px,category
00A,Total Rf,40.07083333333334,-74.93361111111112,1,0,True,0.3811,"[150, 121, 424, 368]",FN
00NJ,Colgate-Piscataway,40.52093694444444,-74.4745975,0,0,False,0.0,,TN
01CT,Berlin Fairgrounds,41.62663055555556,-72.72716666666666,0,0,False,0.0,,TN
01MA,Compaq Andover,42.62509222222222,-71.18006944444446,0,0,False,0.0,,TN
01NY,Nuvance Health Vassar Brothers Medical Center,41.69178055555555,-73.93589444444444,1,1,True,0.7135,"[297, 193, 456, 331]",TP
02MA,Cuttyhunk,41.419575,-70.92692222222223,1,0,False,0.0,,FN
02NJ,Merck Kenilworth Campus,40.67462222222222,-74.27818611111111,1,1,True,0.6718,"[270, 222, 428, 355]",TP
02NY,Hansen,43.13213055555556,-75.655225,0,0,False,0.0,,TN
02PN,Peco Berwyn,40.059019444444445,-75.46138888888889,1,0,True,0.4878,"[273, 274, 373, 362]",FN
03NJ,St Joseph's Hospital,40.903505555555554,-74.16547222222223,1,1,True,0.6972,"[250, 230, 437, 398]",TP
03PN,M P Metals,41.06686111111112,-76.18080555555557,0,0,False,0.0,,TN
05MA,Bentley,42.693080555555554,-70.91229722222222,0,0,False,0.0,,TN
05NJ,Paulus Hook Pier,40.71339722222223,-74.03202222222222,1,1,True,0.7565,"[248, 245, 406, 385]",TP
05NY,Oswego County At Pulaski,43.55201388888889,-76.0902011111111,1,1,True,0.7494,"[418, 361, 640, 559]",TP
05PA,Peco Mob,39.95483472222222,-75.1782338888889,1,1,True,0.6437,"[396, 243, 589, 398]",TP
05PN,State Police Area Iii,40.30008861111111,-76.85802833333332,0,0,False,0.0,,TN
06MA,The Barn,42.690644444444445,-71.60895805555555,0,0,False,0.0,,TN
06NJ,J&j New Brunswick Helistop,40.50183719444444,-74.445735,1,0,True,0.4672,"[218, 211, 443, 402]",FN
07MA,West Pond,41.9170475,-70.70948055555556,0,0,False,0.0,,TN
07NJ,Hackensack UMc Palisades,40.79375833333333,-73.99479722222222,1,1,True,0.6404,"[178, 278, 384, 464]",TP
08NJ,Cooperman Barnabas Medical Center,40.76260055555556,-74.30403722222222,1,1,True,0.7731,"[264, 331, 399, 456]",TP
08PA,Pocono Raceway Corporate,41.061638888888886,-75.50920833333333,0,0,False,0.0,,TN
09NJ,Stonebridge Farm Helistop,40.65371277777778,-74.68654944444445,0,0,False,0.0,,TN
09NY,D Storm Meml,41.92381666666667,-74.04275,1,0,True,0.4209,"[229, 238, 384, 382]",FN
0CT0,Sharon Hospital,41.88121944444445,-73.48097777777778,1,1,True,0.7063,"[403, 256, 529, 369]",TP
0CT2,Windham Hospital,41.71681111111111,-72.22556111111112,1,1,True,0.8356,"[230, 244, 383, 382]",TP
0CT3,N B G H,41.66155,-72.78784166666667,1,1,True,0.6163,"[259, 258, 363, 355]",TP
0CT5,St Francis Hospital,41.774927777777776,-72.69778611111111,1,1,True,0.7919,"[145, 287, 288, 414]",TP
0CT7,Bridgeport Hospital,41.188380555555554,-73.16674722222223,1,1,True,0.6127,"[260, 241, 427, 362]",TP
0CT8,Danbury Hospital,41.40530833333333,-73.4452888888889,1,1,True,0.7876,"[273, 256, 401, 370]",TP
0CT9,Hartford Hospital,41.75459722222222,-72.6786388888889,1,0,False,0.0,,FN
0MA1,Massachusetts General Hospital,42.36368333333333,-71.06922777777777,1,1,True,0.7707,"[145, 281, 287, 405]",TP
0MA2,Healthalliance Hospital-Leominster,42.54058055555555,-71.760625,1,1,True,0.7703,"[261, 263, 380, 369]",TP
0MA3,Reh,41.786227777777775,-71.23142222222222,1,1,True,0.7842,"[268, 270, 375, 372]",TP
0MA4,Boston Medical Center Hospital,42.333822222222224,-71.07136666666666,1,1,True,0.5415,"[232, 259, 405, 410]",TP
0MA5,Brockton Usar Center,42.05593333333333,-71.05587944444444,0,0,True,0.4358,"[476, 286, 639, 450]",TN
0MA6,Wbz,42.365096944444446,-71.13255277777778,1,1,True,0.7512,"[180, 126, 333, 263]",TP
0MA9,Lleia Kyle O'meara,42.50485277777778,-71.90839166666667,0,0,False,0.0,,TN
0NJ0,Atlantic City Medical Center,39.35898888888889,-74.43467777777778,1,1,True,0.6879,"[308, 231, 494, 396]",TP
0NJ1,Berkeley Township Police,39.90474444444445,-74.2339638888889,1,0,False,0.0,,FN
0NJ2,Ballymere,40.752878333333335,-74.43987527777779,0,0,False,0.0,,TN
0NJ3,Mount Holly,39.97812222222223,-74.78395277777777,0,1,True,0.5631,"[191, 110, 322, 222]",FP
0NJ4,Weichert Headquarters,40.84047222222223,-74.46180555555556,1,1,True,0.5293,"[248, 248, 378, 367]",TP
0NJ5,Meadowlands #2 Nj Sports Complex,40.81572222222222,-74.07016666666667,1,1,True,0.5495,"[177, 169, 409, 387]",TP
0NJ9,Jersey Tpke New Brunswick Helistop,40.47732722222222,-74.40792805555556,0,0,False,0.0,,TN
0NK4,Medical Center,40.72647222222223,-73.55276666666667,1,0,True,0.4601,"[222, 219, 456, 408]",FN
0NK7,King Street,41.102691666666665,-73.72553888888889,1,1,True,0.7651,"[245, 277, 373, 400]",TP
0NY2,Amar,41.23102777777778,-74.04733333333333,1,1,True,0.7288,"[239, 244, 413, 410]",TP
0NY4,Bridgeview,41.98272222222222,-73.96322222222223,1,0,True,0.2743,"[264, 279, 374, 380]",FN
0NY6,New York State Police,42.92884444444445,-76.61572222222222,1,0,False,0.0,,FN
0PA0,Richfield Station,40.68430277777777,-77.12643055555554,1,0,True,0.4883,"[192, 216, 416, 405]",FN
0PA8,Geisinger Community Medical Center Nap,41.40006388888889,-75.64647500000001,1,1,True,0.7438,"[273, 273, 466, 448]",TP
0PA9,Carson,40.34666666666667,-75.23067777777779,1,0,True,0.4631,"[162, 149, 472, 441]",FN
0PN3,Pfizer-Collegeville,40.158675,-75.46343055555556,1,1,True,0.6963,"[218, 231, 416, 415]",TP
0PS6,Herbst,39.94954333333333,-76.55329888888889,0,0,False,0.0,,TN
0PS8,UpMc Hamot Bayfront Garage,42.132955555555554,-80.08623055555555,1,1,True,0.7296,"[246, 218, 436, 394]",TP
0PS9,Jefferson Health Bucks County Campus,40.18271666666666,-74.86800833333332,1,1,True,0.7641,"[227, 248, 371, 370]",TP
10CT,Steel Pointe Harbor,41.176296,-73.180857,0,0,False,0.0,,TN
10NJ,St Francis M C Helistop,40.21844222222222,-74.73877166666666,0,1,True,0.6028,"[63, 288, 217, 444]",FP
10NK,Glens Falls Hospital,43.30733611111111,-73.64621111111111,1,1,True,0.5798,"[240, 245, 399, 386]",TP
10NY,Elizabethtown Community Hospital,44.21638333333333,-73.59635277777777,0,0,False,0.0,,TN
11NJ,Southdown,40.64063888888889,-74.66388888888889,0,0,False,0.0,,TN
11PA,Worcester,40.19218333333333,-75.31383888888888,1,0,False,0.0,,FN
12MA,Mellen Street,42.20705555555556,-71.44269444444444,0,0,False,0.0,,TN
12NJ,Honeywell,40.83708333333333,-74.47669444444445,1,1,True,0.7988,"[240, 242, 390, 382]",TP
12PA,Helicopter Applicators Inc,39.84936388888889,-77.18400555555556,1,0,False,0.0,,FN
12PN,10 Monument,40.007334444444446,-75.2154575,0,0,False,0.0,,TN
12PS,Siple,39.72377777777778,-75.88138888888888,0,0,False,0.0,,TN
13NK,Quaker Valley Farm,41.5975,-73.5315,1,0,False,0.0,,FN
13NY,Health Sciences Cntr Unv Hosp,40.90989166666667,-73.1146611111111,1,1,True,0.7669,"[230, 252, 389, 388]",TP
14CT,Mptn,41.48554166666667,-71.97311388888889,1,1,True,0.6246,"[223, 227, 422, 407]",TP
14NJ,Wuerkers New Acres Farm,39.00900166666667,-74.88850416666668,0,1,True,0.5253,"[572, 118, 640, 237]",FP
14NY,Windy's,40.797777777777775,-73.41783333333333,0,0,False,0.0,,TN
15NJ,Werner,40.42345555555556,-74.0981361111111,1,1,True,0.6665,"[268, 257, 368, 350]",TP
15PN,Metro Edison,40.37509277777778,-75.93854222222222,0,0,False,0.0,,TN
15PS,Jennersville Hospital,39.82256944444445,-75.88811666666668,0,1,True,0.5557,"[249, 253, 383, 374]",FP
16MA,Lawrence General Hospital,42.70856944444445,-71.14852777777779,1,1,True,0.6639,"[265, 263, 385, 376]",TP
16NK,Delaware Valley Hospital,42.163647222222224,-75.1290111111111,1,1,True,0.7884,"[241, 245, 398, 388]",TP
16PN,Oakdale AHP,40.38840222222222,-80.1581125,0,0,False,0.0,,TN
17MA,Long Hill,42.50506388888889,-71.77803333333333,0,0,False,0.0,,TN
17NJ,CMc Steel New Jersey,40.48111111111111,-74.31983333333334,1,1,True,0.6663,"[282, 270, 411, 388]",TP
17PN,Tobyhanna Army Depot,41.19834444444445,-75.43659444444445,1,0,True,0.3738,"[294, 0, 475, 49]",FN
18MA,Holy Family Hospital,42.72847222222222,-71.16940000000001,1,1,True,0.6907,"[260, 266, 381, 373]",TP
18NJ,Manalapan Township-Village Green,40.27955444444444,-74.32931416666666,0,0,False,0.0,,TN
19MA,Waine,41.28444444444444,-70.15,0,0,False,0.0,,TN
19NJ,Michaels Organization,39.91366666666666,-74.92897222222223,1,1,True,0.7172,"[314, 333, 441, 450]",TP
1CT2,Yale New Haven Hospital,41.30445,-72.93673055555556,1,1,True,0.5795,"[426, 239, 596, 401]",TP
1CT3,St Mary's,41.55335555555556,-73.03762777777777,1,1,True,0.7896,"[227, 238, 403, 389]",TP
1JY4,Hamilton Headquarter Troop C,40.20138888888889,-74.64883333333334,1,1,True,0.7516,"[241, 246, 414, 404]",TP
1MA0,Beth Israel Deaconess Hospital-Plymouth,41.94013611111111,-70.64717222222222,1,1,True,0.6613,"[184, 192, 444, 423]",TP
1MA1,Nashoba Valley Medical Center,42.57651944444445,-71.57385555555555,1,1,True,0.8181,"[258, 261, 387, 380]",TP
1MA2,Umass Meml Medical Center-Univ Campus,42.275,-71.76,0,0,False,0.0,,TN
1MA7,Long Hill Orchard,42.80676388888889,-70.97888888888889,0,0,False,0.0,,TN
1MA8,Horizon Hill,42.41964722222222,-71.30935,1,1,True,0.5069,"[289, 265, 374, 343]",TP
1MA9,Morton Hospital,41.90571388888889,-71.09499444444444,1,1,True,0.7324,"[192, 257, 309, 363]",TP
1NJ1,Rutgers Helistop Sec A,40.48719444444445,-74.43555555555555,0,0,False,0.0,,TN
1NJ3,Gaf Helistop,40.84459783333334,-74.461376,1,1,True,0.6822,"[307, 259, 429, 370]",TP
1NJ4,Rutgers Helistop Nr 1 and Sec 2b,40.51780555555556,-74.46261111111112,0,0,False,0.0,,TN
1NJ5,High Bar,40.95319444444445,-74.92969444444445,0,0,False,0.0,,TN
1NJ6,Idylease Helistop,41.054472222222216,-74.43183333333334,0,0,False,0.0,,TN
1NJ7,Skytop Farms,40.9475,-74.35324999999999,0,0,True,0.3929,"[0, 523, 43, 627]",TN
1NJ9,Air Tractor,41.29125,-74.55069444444445,1,1,True,0.7497,"[233, 249, 390, 388]",TP
1NK3,Troy Armory,42.69063444444444,-73.70373000000001,0,0,False,0.0,,TN
1NK9,Huntington Emergency Helistop,40.883986944444445,-73.42289777777778,1,1,True,0.7971,"[185, 290, 333, 423]",TP
1NY1,Seatuck Cove,40.81677222222223,-72.73078055555555,0,0,False,0.0,,TN
1NY2,Oishei Childrens Hospital,42.901025,-78.86787777777778,1,1,True,0.6649,"[122, 270, 242, 379]",TP
1PA1,401 City Avenue,40.0102,-75.21347777777778,1,0,True,0.2663,"[278, 273, 368, 361]",FN
1PA2,St Christopher's Hospital For Children,40.006972222222224,-75.12483055555555,1,1,True,0.7707,"[85, 219, 231, 351]",TP
1PN4,Fulton County Medical Center,39.93805555555555,-78.0075,0,1,True,0.5414,"[576, 162, 639, 281]",FP
1PN5,Lehigh Valley Health Network Kutztown,40.50684722222222,-75.78732777777778,1,1,True,0.7724,"[280, 278, 433, 421]",TP
1PS6,Aria Health-Torresdale Division,40.06966388888889,-74.98239722222222,1,1,True,0.7864,"[228, 242, 379, 381]",TP
1PS8,Punxsutawney Area Hospital,40.96117527777778,-79.00083333333333,0,1,True,0.5476,"[133, 557, 318, 640]",FP
20CT,Johnson Meml Hospital,41.98057777777778,-72.39146666666667,1,1,True,0.5793,"[256, 261, 383, 378]",TP
20MA,Wcvb-Tv,42.30416944444444,-71.22705833333333,1,1,True,0.5172,"[251, 277, 384, 392]",TP
20NJ,Liberty Ntl Golf Club,40.69819444444444,-74.07241666666667,1,1,True,0.7564,"[239, 264, 348, 367]",TP
20PA,Goh Montoursville,41.24659722222222,-76.9396,1,1,True,0.5249,"[280, 279, 355, 350]",TP
21NJ,Bergen County Police & Fire Academy,41.05676305555555,-74.18264500000001,0,1,True,0.61,"[575, 1, 640, 93]",FP
21PA,Camelback Mountain Resort,41.05362222222222,-75.34827777777777,0,0,False,0.0,,TN
21PN,UpMc Carlisle,40.18333055555555,-77.22280833333333,1,0,True,0.4955,"[264, 269, 374, 368]",FN
22MA,Poole's,42.63620638888889,-70.61865444444443,0,0,False,0.0,,TN
22NK,Alstar North,42.47645555555556,-79.3241,1,0,True,0.4175,"[229, 248, 384, 387]",FN
22NY,Troop A Headquarters,43.03135833333333,-78.18651666666668,0,0,False,0.0,,TN
22PA,Uniontown Hospital,39.90090944444445,-79.74476638888889,1,1,True,0.7966,"[343, 215, 513, 368]",TP
22PN,St Joseph Rgnl Health Network,40.37511388888889,-75.97963888888889,1,1,True,0.6484,"[327, 235, 508, 399]",TP
22PS,Montrose High School,41.84341944444445,-75.8425861111111,0,0,False,0.0,,TN
23MA,Westford Regency,42.563316666666665,-71.43224166666667,0,0,False,0.0,,TN
23PN,Penn Highlands Clearfield,41.0340005,-78.4501178888889,1,1,True,0.7712,"[253, 258, 396, 385]",TP
23PS,Constellation,39.853683333333336,-75.69951944444445,0,0,False,0.0,,TN
24MA,Barre-Bassett,42.43592305555556,-72.096745,0,0,False,0.0,,TN
24NY,Wang,40.88979166666667,-73.49160277777779,1,1,True,0.7684,"[252, 239, 360, 351]",TP
24PN,A H  Butz Downtown Allentown,40.601055555555554,-75.47508333333333,1,0,True,0.3047,"[194, 254, 330, 372]",FN
25JY,Heli-Ray,39.72066111111111,-74.84733333333332,0,0,False,0.0,,TN
25MA,High School,42.20600833333334,-71.44144444444444,0,0,True,0.4677,"[0, 567, 115, 640]",TN
25NJ,Atlantic Health Jets Training Center,40.78055555555555,-74.4175,1,1,True,0.7319,"[202, 242, 338, 368]",TP
25NY,Carters,40.80737883333333,-72.721507,0,0,True,0.2698,"[322, 353, 432, 454]",TN
25PA,The Washington Hospital Rooftop,40.183166666666665,-80.24616666666667,1,1,True,0.7581,"[176, 240, 309, 356]",TP
25PN,Nessmuk,41.72505,-77.28749722222221,1,1,True,0.8028,"[244, 252, 395, 394]",TP
25PS,Primrose,40.68924444444444,-76.27960555555555,1,1,True,0.5409,"[224, 235, 417, 398]",TP
26JY,Binder Winslow,39.73844444444445,-74.91055555555556,1,1,True,0.5883,"[270, 250, 405, 366]",TP
26NJ,Cape Rgnl Medical Center,39.08777222222223,-74.81669722222222,1,1,True,0.7704,"[213, 251, 359, 382]",TP
26NY,VaMc,40.89127222222222,-73.30903055555555,1,0,True,0.3132,"[52, 113, 228, 267]",FN
26PA,Stottle Meml,40.40358333333333,-77.55658333333334,1,0,False,0.0,,FN
26PS,Vaphs,40.44708333333333,-79.96325,1,0,True,0.3116,"[271, 127, 437, 266]",FN
27JY,Heaton,41.12617777777778,-74.82275,0,0,False,0.0,,TN
27NY,Don's,41.62148055555556,-74.24236944444445,0,0,False,0.0,,TN
27PN,Lehigh Valley Hospital/Hecktown Oaks,40.69790833333333,-75.2802138888889,1,1,True,0.7632,"[225, 234, 400, 389]",TP
28NJ,Steel Pier Taj Mahal,39.35641388888889,-74.418175,1,1,True,0.6668,"[238, 214, 460, 418]",TP
29JY,Ocean University Medical Center,40.078248,-74.131845,1,0,False,0.0,,FN
29NJ,J L Gentile,39.492583333333336,-74.88213888888889,1,1,True,0.6146,"[182, 192, 461, 451]",TP
29NK,Uhs Wilson Tower,42.115033333333336,-75.95846111111112,0,0,False,0.0,,TN
29NY,Clover Stadium,41.17080555555555,-74.03755555555556,0,0,False,0.0,,TN
29PN,St Vincent Health Center,42.11206666666667,-80.08085277777778,1,1,True,0.5175,"[230, 245, 382, 385]",TP
2JY5,Jet Line South,40.01583333333333,-74.97577777777778,1,0,False,0.0,,FN
2JY6,The Ridge At Back Brook,40.44125,-74.82816666666666,0,1,True,0.597,"[501, 122, 610, 224]",FP
2JY9,Hargrove,39.94638888888888,-75.10388888888889,1,1,True,0.6469,"[313, 330, 402, 412]",TP
2MA2,Digital,42.37361111111111,-71.55833333333334,0,0,False,0.0,,TN
2MA4,Compaq Littleton,42.54925833333333,-71.47256388888889,0,0,True,0.2543,"[459, 241, 640, 425]",TN
2MA5,Compaq Powdermill Road,42.42787111111111,-71.45756277777778,0,0,False,0.0,,TN
2MA8,Compaq Stow,42.43092611111111,-71.54173166666666,0,0,False,0.0,,TN
2MA9,Digital,42.63925833333333,-71.22450277777779,0,1,True,0.5127,"[35, 296, 168, 420]",FP
2NJ4,Six Flags Great Adventure,40.14615472222222,-74.434595,0,0,False,0.0,,TN
2NJ7,Foley Machinery,40.55010333333333,-74.48765361111111,0,0,False,0.0,,TN
2NJ9,Bayonne Golf Club,40.66416666666667,-74.08952777777777,1,0,False,0.0,,FN
2NK6,Bertrand Chaffee Hospital,42.51088333333333,-78.65865277777779,1,1,True,0.773,"[259, 256, 393, 379]",TP
2NK8,Landmark Plaza,40.782075,-73.82611388888888,1,1,True,0.6859,"[331, 289, 406, 364]",TP
2NY2,High View Too,41.34966666666667,-74.33316666666666,0,0,False,0.0,,TN
2NY5,Strong Meml Hospital,43.12325277777778,-77.62412222222221,1,1,True,0.7876,"[354, 267, 475, 382]",TP
2NY6,Slate Hill,41.37518888888889,-74.51449166666667,0,0,False,0.0,,TN
2NY8,Benbyre Farm,41.803325,-74.18197777777779,0,0,False,0.0,,TN
2PN2,Fortman,39.787413888888885,-76.64859722222224,0,0,False,0.0,,TN
2PS2,UpMc Meml Hospital,39.98300277777778,-76.76885277777778,1,1,True,0.5303,"[340, 138, 499, 271]",TP
2PS4,Wgal-Tv,40.03728611111111,-76.33739444444444,0,1,True,0.5508,"[29, 192, 139, 294]",FP
2PS5,Rosini Residence,40.786525,-76.58521111111111,0,0,False,0.0,,TN
2PS6,Sci Benner Township,40.85831944444445,-77.78066666666666,0,0,False,0.0,,TN
2PS9,Albert Einstein Medical Center,40.036525,-75.1431388888889,1,0,True,0.3091,"[287, 236, 399, 349]",FN
30MA,Clinton Hospital,42.42795,-71.6928,1,1,True,0.802,"[255, 253, 392, 373]",TP
30NJ,Hillside Farm,40.39113888888889,-74.77875,1,1,True,0.6636,"[276, 265, 381, 362]",TP
30PN,Pittsburgh Children's Hospital,40.46660833333333,-79.95266944444445,1,1,True,0.8365,"[260, 242, 431, 399]",TP
31NJ,Jefferson Cherry Hill Hospital,39.92805555555555,-75.01527777777778,1,1,True,0.6346,"[214, 267, 416, 437]",TP
32MA,Berkshire Medical Center,42.70805277777778,-73.11028888888889,1,1,True,0.763,"[252, 267, 377, 385]",TP
32NJ,George Harms Const,40.21394444444445,-74.19122222222222,0,0,False,0.0,,TN
32NK,Ranch Estate,41.17191111111111,-74.08646944444445,0,0,True,0.3351,"[256, 224, 393, 335]",TN
33NJ,Centra State Medical Center,40.23677222222222,-74.310975,1,0,True,0.3734,"[283, 279, 356, 348]",FN
33PA,Allegheny Wexford Rooftop,40.63604166666666,-80.06281305555555,1,1,True,0.5978,"[210, 218, 397, 372]",TP
33PN,Lackawanna County 911 Center,41.45561944444445,-75.55784444444444,1,1,True,0.5377,"[220, 258, 400, 416]",TP
34JY,Borgata Casino,39.379958333333335,-74.43224166666667,0,0,False,0.0,,TN
34MA,Crowhurst,42.57633611111111,-70.73885277777778,0,1,True,0.7504,"[30, 36, 175, 167]",FP
34NK,Chs Lockport,43.14861388888889,-78.70807777777777,1,0,True,0.3886,"[59, 101, 318, 333]",FN
34PS,Kalahari,41.097994444444446,-75.38738611111111,1,1,True,0.5857,"[192, 234, 383, 411]",TP
35MA,Idlewile,42.55818611111111,-70.81028055555555,0,0,False,0.0,,TN
35NJ,Mid-State,40.6003725,-74.7193575,0,0,False,0.0,,TN
35NY,Kleinman's,40.89834166666667,-73.51855277777777,0,0,False,0.0,,TN
35PA,UpMc Bedford Meml,40.025666666666666,-78.43366388888889,1,1,True,0.6842,"[237, 242, 396, 391]",TP
35PN,Woolrich Vol Fire Co Helistop,41.194931,-77.378503,0,0,False,0.0,,TN
36MA,Beth Israel Deaconess Medical Center,42.33816111111111,-71.10910833333332,1,1,True,0.6157,"[197, 219, 370, 395]",TP
36NJ,Colliers Mills,40.06391666666666,-74.44108333333334,0,0,False,0.0,,TN
36PN,Us Army Reserve Center,39.96677666666667,-75.45242083333333,0,0,False,0.0,,TN
37MA,Hanson,42.12303055555556,-72.42380277777778,0,0,False,0.0,,TN
37NJ,Deepwater,39.697447222222216,-75.49531666666667,1,0,True,0.3408,"[253, 240, 418, 392]",FN
37NY,Cuba Meml Hospital,42.21325555555556,-78.2870138888889,1,0,True,0.4727,"[227, 212, 413, 399]",FN
37PN,UpMc Hanover Hospital,39.80804166666666,-76.98233333333333,1,1,True,0.7711,"[265, 260, 386, 370]",TP
38NJ,Wjrz Radio,39.69916666666666,-74.23472222222222,0,0,False,0.0,,TN
39NJ,Troop B,40.899027777777775,-74.22925000000001,1,1,True,0.7034,"[238, 257, 364, 374]",TP
39PA,Wellspan Waynesboro Hospital,39.75102777777778,-77.56977777777777,1,1,True,0.7636,"[211, 247, 374, 402]",TP
39PS,Stat Medevac Harborcreek,42.172,-79.94283333333334,1,1,True,0.6486,"[222, 273, 409, 428]",TP
3JY2,Cherry Hill,40.8705,-74.44330555555555,1,1,True,0.7326,"[295, 246, 421, 364]",TP
3JY6,Paramount Intl Helistop,39.37473611111111,-75.064725,1,1,True,0.7122,"[218, 180, 399, 347]",TP
3MA0,Compaq Woburn,42.509816666666666,-71.13644305555556,0,0,True,0.29,"[381, 0, 551, 95]",TN
3MA1,Marlborough Hospital,42.35637222222223,-71.55536944444444,1,1,True,0.7584,"[248, 249, 394, 379]",TP
3MA3,Seapuit,41.61149916666667,-70.41530277777778,0,0,False,0.0,,TN
3MA7,Gear Plant,42.45213888888889,-70.96546666666667,1,1,True,0.6798,"[192, 212, 431, 434]",TP
3MA9,Marston Mills,41.6403875,-70.4078025,0,1,True,0.6284,"[267, 283, 373, 381]",FP
3NJ0,Hamilton Farm Golf Club,40.70788888888889,-74.68458333333334,0,0,True,0.256,"[0, 502, 90, 635]",TN
3NJ2,Educational Testing,40.34660277777778,-74.71666666666667,0,0,False,0.0,,TN
3NJ3,Dow Jones & Company Inc,40.371,-74.58577777777778,1,1,True,0.7494,"[240, 242, 402, 388]",TP
3NJ4,Sarnoff Princeton,40.33055555555556,-74.62777777777777,0,1,True,0.5429,"[131, 230, 256, 335]",FP
3NK1,Catskill Rgnl Medical Center,41.70874166666667,-74.73634722222222,1,1,True,0.7271,"[250, 265, 372, 372]",TP
3NK2,Bassett,42.689175,-74.92139166666666,1,1,True,0.6176,"[188, 211, 435, 430]",TP
3NK7,B/G,42.42468333333333,-74.45092222222223,1,1,True,0.7677,"[263, 253, 399, 379]",TP
3NK9,Arnot Ogden Hospital,42.10066666666667,-76.82638888888889,1,1,True,0.7083,"[219, 241, 406, 405]",TP
3NY2,Astoria,40.78621222222222,-73.91208111111112,0,0,False,0.0,,TN
3NY9,Rainbow Air Tourism Center,43.08171666666667,-79.04157222222221,0,0,True,0.307,"[203, 0, 392, 44]",TN
3PA1,UpMc Lititz,40.13302777777778,-76.31077777777777,1,0,True,0.3671,"[225, 213, 422, 386]",FN
3PA3,Dr2,40.68,-75.63666666666667,1,0,False,0.0,,FN
3PA7,Nason Medical Center LLC,40.33966388888889,-78.38990833333334,1,1,True,0.8197,"[226, 205, 418, 387]",TP
3PN4,UpMc Jameson,41.01268611111111,-80.3517111111111,1,0,True,0.3496,"[250, 261, 374, 360]",FN
3PS0,Penn Chester County Hospital,39.97237777777778,-75.60176388888888,1,1,True,0.7527,"[15, 298, 180, 436]",TP
3PS3,Keller,40.80638888888888,-75.32166666666666,1,1,True,0.5192,"[208, 250, 388, 418]",TP
3PS5,Shamokin Hospital,40.80549166666666,-76.57008055555555,1,1,True,0.6693,"[274, 273, 373, 364]",TP
3PS6,King Air,40.622638888888886,-75.90083333333334,0,0,False,0.0,,TN
3PS7,Coxton Lake,41.85805555555556,-75.44888888888889,0,0,True,0.2591,"[124, 0, 301, 35]",TN
40MA,Lowell General Hospital,42.648158333333335,-71.3429111111111,1,1,True,0.7961,"[239, 256, 398, 390]",TP
41MA,Haney,41.5906,-70.47494166666667,1,0,False,0.0,,FN
41NJ,Meadowlands Hospital Medical Center,40.79197222222222,-74.0723611111111,1,0,False,0.0,,FN
42JY,Trout National,39.41343611111111,-75.00836944444444,0,0,True,0.2562,"[573, 0, 640, 88]",TN
42MA,Worcester Medical Center,42.26636388888889,-71.79756388888889,1,1,True,0.5409,"[247, 250, 383, 372]",TP
42NJ,"Inspira Medical Center, Inc / Elmer Hosp",39.58918888888889,-75.18152777777779,1,0,True,0.4733,"[278, 278, 354, 348]",FN
42PN,Allegheny General Hospital Emergency,40.45628711111112,-80.0041656111111,1,0,True,0.4944,"[253, 248, 418, 386]",FN
43NY,St. Joseph's Hospital,43.05536111111111,-76.15042222222223,1,1,True,0.7085,"[279, 224, 455, 378]",TP
43PN,Corry Meml Hospital,41.937016666666665,-79.61228055555554,1,1,True,0.6134,"[235, 251, 387, 382]",TP
44NJ,Rwjbh Community Medical Center,39.96461111111111,-74.2158888888889,1,1,True,0.758,"[3, 191, 174, 346]",TP
45NJ,Princeton Medical Center,40.34013611111112,-74.62560833333333,1,1,True,0.7822,"[273, 203, 436, 354]",TP
45NY,Turning Stone Resort Casino,43.11056944444445,-75.59365833333332,1,1,True,0.6651,"[46, 0, 195, 70]",TP
45PA,Meadville Medical Center,41.64200188888889,-80.14505025000001,1,1,True,0.702,"[235, 247, 397, 406]",TP
46PA,UpMc St Margaret,40.488619444444446,-79.89538333333334,1,1,True,0.7705,"[245, 245, 404, 385]",TP
46PN,Dr Helicopters,40.64869166666666,-75.5419611111111,0,0,False,0.0,,TN
48NJ,Southern Training Center,39.56175,-75.47925000000001,1,0,False,0.0,,FN
48PA,Veterans,40.58737222222222,-76.54353888888889,0,0,False,0.0,,TN
48PN,Wilson,39.9042,-76.91420000000001,0,0,False,0.0,,TN
49PN,Geisinger,40.97268055555556,-76.60487222222221,1,1,True,0.6205,"[561, 200, 640, 325]",TP
4MA4,J K L,41.62166666666667,-71.01430555555555,0,0,False,0.0,,TN
4MA7,Seferian,42.19148194444444,-72.450085,0,0,True,0.2909,"[575, 209, 639, 309]",TN
4NJ1,Somerset Medical Center,40.56888888888889,-74.5945,1,1,True,0.7608,"[240, 233, 376, 355]",TP
4NK0,Wca Hospital,42.092225,-79.23151944444444,1,0,True,0.4434,"[271, 257, 414, 384]",FN
4NK7,Apollo Flds,41.83123611111112,-73.65931944444445,0,0,True,0.2992,"[234, 235, 364, 364]",TN
4NY5,Bistrians,40.9876,-72.17341166666667,0,1,True,0.6772,"[0, 469, 110, 618]",FP
4NY9,Belmont Park,40.71454666666667,-73.71040861111112,0,0,False,0.0,,TN
4PA0,Flicksville,40.84319444444445,-75.20531944444444,1,0,True,0.4805,"[263, 258, 392, 372]",FN
4PA3,Nittany Landing,40.81936111111112,-77.80517499999999,0,0,False,0.0,,TN
4PA4,UpMc Susquehanna Lock Haven,41.13194444444444,-77.47083333333333,1,1,True,0.6207,"[166, 96, 401, 312]",TP
4PA9,Axis,40.271794444444446,-75.36262222222221,0,0,False,0.0,,TN
4PN3,Gallatin Fuel,39.866465,-79.95061027777778,0,0,False,0.0,,TN
4PN4,Geisinger Jersey Shore Hospital,41.202533333333335,-77.26812777777778,1,1,True,0.7984,"[257, 235, 427, 385]",TP
4PN9,Meyersdale Hospital,39.80972222222222,-79.02416666666666,1,0,False,0.0,,FN
4PS2,Sci Phoenix,40.23222777777778,-75.43633611111112,1,1,True,0.6663,"[241, 243, 401, 394]",TP
4PS6,Stoneleigh,40.37508888888889,-75.0568,0,0,False,0.0,,TN
4PS7,Hospital of Univ of Pa/East,39.94811388888888,-75.19149722222222,1,1,True,0.6971,"[361, 218, 557, 392]",TP
4PS8,Coatesville,39.89329722222222,-75.81931388888889,0,1,True,0.6454,"[213, 238, 442, 436]",FP
4PS9,Ferrante,40.59815,-79.58085277777778,1,0,False,0.0,,FN
50NJ,Express Marine,39.96344444444445,-75.09508333333333,0,1,True,0.6945,"[238, 246, 370, 369]",FP
51MA,Bsas# 2,42.67258333333333,-70.62208333333332,0,0,False,0.0,,TN
51NK,The Moriches Bay,40.79933333333333,-72.763,0,0,False,0.0,,TN
52NJ,Exxon Research & Engineering Company,40.636833333333335,-74.86911111111111,1,0,True,0.2561,"[196, 197, 432, 424]",FN
54NY,Fox Hollow,41.30271388888889,-74.38509722222223,0,0,False,0.0,,TN
54PA,Pine Bottom,40.23812777777778,-78.30558611111111,0,0,False,0.0,,TN
54PN,Forbes Rgnl Health Center,40.42758611111111,-79.74723333333334,1,1,True,0.6763,"[235, 242, 396, 383]",TP
55NK,Unity Hospital,43.19291388888889,-77.70315277777777,1,1,True,0.6893,"[251, 253, 392, 380]",TP
55PN,Phoenixville,40.12331666666667,-75.51576388888888,1,1,True,0.7074,"[218, 251, 359, 377]",TP
56NK,Buffalo General Hospital,42.90111666666667,-78.86648888888888,1,0,False,0.0,,FN
56PN,Atlantic Refining & Marketing Corp,39.919835,-75.19656833333333,1,0,True,0.4827,"[409, 97, 640, 352]",FN
57MA,Nantucket Cottage Hospital,41.275777777777776,-70.10183333333333,1,1,True,0.6967,"[206, 225, 398, 398]",TP
57NJ,Barnegat Bay Marina,40.04088888888889,-74.06197222222222,0,0,False,0.0,,TN
57NY,Athens Emergency Med-Evac,42.28733055555556,-73.84494444444444,1,1,True,0.5728,"[178, 191, 432, 431]",TP
58NY,Freeport,40.650019444444446,-73.56764166666666,1,1,True,0.7382,"[280, 266, 392, 366]",TP
58PN,J Walker Landing,41.266666666666666,-76.810125,1,0,True,0.2798,"[74, 139, 312, 367]",FN
59NJ,Due Process Stables,40.3,-74.11583333333333,0,0,False,0.0,,TN
5CT1,Rondo,41.50796388888889,-73.0380111111111,0,0,False,0.0,,TN
5CT4,Norwalk Hospital,41.10966666666667,-73.42177500000001,0,0,False,0.0,,TN
5MA4,Double A,41.92449722222222,-70.76966666666667,0,0,False,0.0,,TN
5MA6,St Luke's,41.6265,-70.93863888888889,1,0,True,0.3194,"[272, 212, 436, 346]",FN
5NJ4,Trenton,40.21527777777778,-74.76611111111112,1,0,False,0.0,,FN
5NJ5,Atsion Helistop,39.74294444444445,-74.72505555555556,0,0,False,0.0,,TN
5NJ7,Warren Hospital,40.70302777777778,-75.17816666666667,1,0,True,0.3081,"[225, 207, 436, 393]",FN
5NK2,Alexander's East,40.80091,-72.657803,0,1,True,0.5796,"[227, 251, 390, 416]",FP
5NK3,Westhampton Beach,40.801254,-72.65835183333334,0,0,True,0.3139,"[525, 430, 639, 616]",TN
5NK4,Olean General,42.09190555555556,-78.42845,1,1,True,0.6136,"[253, 255, 391, 375]",TP
5NK5,Computer Associates,40.8122,-73.17563055555556,0,0,False,0.0,,TN
5NK7,Hammersley Hill,41.59519166666667,-73.55640833333334,0,0,False,0.0,,TN
5NK8,South Quaker,41.52648333333333,-73.58002777777777,0,0,False,0.0,,TN
5NY3,Mount St Marys Hospital,43.1535,-79.0314,1,1,True,0.6885,"[236, 231, 412, 387]",TP
5PA5,Monongahela Valley Hospital,40.18218805555556,-79.90990500000001,1,1,True,0.7231,"[220, 224, 411, 399]",TP
5PA7,Indian Sleep Farm,39.92483083333333,-75.69604944444445,0,0,False,0.0,,TN
5PA8,Conshohocken,40.06958333333333,-75.30236111111111,1,1,True,0.727,"[257, 271, 379, 387]",TP
5PN0,Lamtec Corp,40.91503333333333,-75.08879999999999,1,1,True,0.6793,"[257, 254, 393, 374]",TP
5PN2,Robert Packer Hospital - Towanda Campus,41.784838888888885,-76.44904166666667,1,1,True,0.7526,"[235, 241, 391, 376]",TP
5PN3,Penn Highlands Tyrone Hospital,40.675127777777774,-78.25087222222223,1,1,True,0.7981,"[234, 238, 397, 390]",TP
5PN4,Mahon,40.15299722222222,-75.07178055555555,0,0,False,0.0,,TN
5PN6,Geisinger-Lewistown Hospital,40.61806388888889,-77.56693333333332,1,1,True,0.6671,"[225, 248, 395, 413]",TP
5PN9,UpMc Pinnacle,40.25778119444445,-76.88095249999999,1,0,True,0.4999,"[333, 222, 478, 381]",FN
5PS1,Lancaster General Hospital,40.047777777777775,-76.30353055555555,1,1,True,0.7929,"[293, 276, 440, 406]",TP
5PS2,Paoli Meml Hospital,40.04330555555556,-75.50013888888888,1,1,True,0.8129,"[255, 256, 387, 381]",TP
5PS4,Rt36 Ems,41.54221388888889,-79.50651666666667,0,0,False,0.0,,TN
5PS7,Evangelical Community Hospital East,40.97925138888889,-76.88579833333334,1,1,True,0.7043,"[311, 0, 508, 140]",TP
60MA,Grandview Farm,42.73430277777778,-70.86740833333333,0,0,False,0.0,,TN
60NJ,Trump Ntl Golf Club Colts Neck,40.27661111111111,-74.177,1,0,True,0.3418,"[330, 224, 475, 354]",FN
60NY,Samaritan Medical Center,43.96551666666667,-75.91343888888889,1,1,True,0.7401,"[224, 256, 353, 373]",TP
60PA,Pottstown Hospital,40.24351388888889,-75.61123333333333,1,1,True,0.6658,"[233, 250, 407, 406]",TP
60PN,Jefferson Hospital,40.31820833333334,-79.93405,1,1,True,0.7716,"[251, 390, 388, 511]",TP
63NJ,Howell Township Police,40.17230555555555,-74.17869444444445,0,0,False,0.0,,TN
63PA,Lehigh Valley Hospital/Muhlenberg,40.64555555555555,-75.40725,1,1,True,0.6523,"[226, 220, 408, 385]",TP
64NJ,Verizon - Cdc Ii,40.23805555555556,-74.31861111111111,1,1,True,0.7816,"[259, 170, 456, 357]",TP
64PA,Penn Highlands Huntingdon,40.494275,-78.00914166666666,1,1,True,0.7503,"[226, 221, 420, 404]",TP
64PN,Hershey Medical Center,40.26510833333333,-76.67515555555556,1,0,True,0.4692,"[233, 225, 406, 385]",FN
65NJ,Helo Kearny,40.73152777777778,-74.11663888888889,1,1,True,0.7199,"[251, 266, 395, 400]",TP
66MA,Curt,42.48861111111111,-72.22027777777778,0,0,False,0.0,,TN
66NJ,Forked River,39.83984111111111,-74.17763916666667,0,0,False,0.0,,TN
66PA,Williamsport Hospital & Medical Center,41.24744722222222,-77.01527222222222,1,1,True,0.8156,"[272, 251, 404, 374]",TP
68PS,Lakehill,40.70545555555556,-80.03088055555556,0,0,True,0.3056,"[306, 185, 424, 291]",TN
69CT,The Shore,41.34189166666667,-71.97645,0,0,True,0.3734,"[0, 275, 71, 364]",TN
69MA,Monson,42.07174444444445,-72.3211861111111,0,1,True,0.5524,"[222, 33, 394, 203]",FP
69NY,Uvmhn-Elizabethtown Community Hospital,43.849313888888894,-73.4364138888889,1,1,True,0.571,"[228, 227, 429, 408]",TP
6JY8,Cablevision Bethpage,40.759675,-73.49650277777778,1,1,True,0.6799,"[0, 273, 117, 444]",TP
6MA3,Scibelli,42.06287222222222,-72.72453722222222,0,0,False,0.0,,TN
6MA5,Baystate Medical Ctr,42.12241111111111,-72.6040861111111,1,1,True,0.7707,"[117, 272, 270, 396]",TP
6MA7,Quantum (Shrewsbury),42.27397222222222,-71.69344166666667,1,1,True,0.6449,"[269, 267, 375, 363]",TP
6N5,East 34th Street,40.74244722222223,-73.97212222222223,0,0,False,0.0,,TN
6NJ2,Tamarack Flyers,41.15247222222222,-74.71291666666667,0,0,False,0.0,,TN
6NJ3,Point View Helistop,40.98111111111111,-74.25305555555556,1,0,False,0.0,,FN
6NJ5,Lincoln Tunnel,40.76463888888889,-74.0226111111111,1,0,True,0.3919,"[262, 254, 433, 399]",FN
6NJ6,185 Monmouth Parkway Associates Helistop,40.30061666666666,-74.02568333333333,0,0,True,0.4115,"[159, 478, 426, 639]",TN
6NK3,North Shore University Hospital Nr 2,40.775213888888885,-73.69983611111111,1,1,True,0.7892,"[242, 247, 395, 387]",TP
6NK5,Erie County Medical Center,42.92914444444444,-78.83039166666666,1,1,True,0.8078,"[247, 246, 392, 381]",TP
6NK6,New York State D E C  Indian Lake,43.76788888888889,-74.26348055555556,1,1,True,0.6763,"[236, 261, 374, 391]",TP
6NK9,Cec,43.17744166666667,-75.22743611111112,1,1,True,0.6331,"[253, 247, 366, 350]",TP
6NY0,Orange Rgnl Medical Center,41.44270833333333,-74.36688888888888,1,0,True,0.3751,"[281, 210, 487, 401]",FN
6NY8,Tech City Properties,41.97348888888889,-73.99694444444445,1,1,True,0.7814,"[231, 250, 373, 386]",TP
6PA2,UpMc,40.007044444444446,-79.07737222222222,1,1,True,0.7265,"[211, 264, 332, 374]",TP
6PA7,Helicopter 1 LLC,41.094166666666666,-76.85944444444443,1,0,True,0.4689,"[293, 250, 465, 404]",FN
6PN0,UpMc East,40.437275,-79.76068333333333,1,1,True,0.5255,"[245, 255, 364, 370]",TP
6PN2,Lgh-Women and Babies Hospital,40.064947222222216,-76.35190277777777,1,1,True,0.7647,"[229, 237, 400, 388]",TP
6PN4,Pocono Mountain,41.08941388888889,-75.31531666666666,0,0,True,0.2551,"[60, 342, 206, 462]",TN
6PN6,Henke,40.40188611111111,-80.3117861111111,1,0,True,0.4743,"[261, 275, 354, 365]",FN
6PN7,Moyer,41.10010555555556,-75.58205555555556,1,1,True,0.7094,"[245, 267, 398, 406]",TP
6PN8,Posh,40.64593166666667,-75.33295694444445,0,0,False,0.0,,TN
6PS4,Riddle Hospital,39.913602777777776,-75.43171944444445,1,1,True,0.693,"[228, 236, 396, 383]",TP
6PS6,North Middlesex,40.257333333333335,-77.13646944444446,1,1,True,0.7495,"[282, 211, 435, 353]",TP
6Y2,Candlelight,41.56763611111111,-73.4602388888889,1,0,False,0.0,,FN
70MA,Tobey Hospital,41.75503888888889,-70.71447222222223,1,1,True,0.8167,"[239, 249, 397, 383]",TP
70NY,Lakeside,41.42191111111111,-74.57096666666666,1,0,False,0.0,,FN
71NJ,76ers Camden,39.94197222222222,-75.1282611111111,1,1,True,0.6202,"[276, 261, 415, 381]",TP
72NY,Coffin Bono Helicopter Launch Pad,43.288075,-74.9816111111111,0,0,False,0.0,,TN
72PN,Distribution Center,40.22786638888889,-77.08858944444444,0,0,True,0.3327,"[451, 577, 640, 640]",TN
73NJ,Montague,41.31258333333333,-74.76502777777777,1,1,True,0.6544,"[254, 278, 357, 377]",TP
74PN,UPMC-Altoona,40.52166666666667,-78.39833333333334,0,1,True,0.5093,"[381, 281, 560, 435]",FP
74PS,Jefferson Einstein Montgomery Hospital,40.151944444444446,-75.34333333333333,0,0,True,0.4702,"[99, 150, 296, 335]",TN
75NJ,Inspira Mullica Hill,39.71388888888889,-75.15138888888889,1,1,True,0.7867,"[208, 164, 365, 305]",TP
75NK,Upstate Medical University Hospital,43.04232222222222,-76.13936111111111,1,1,True,0.6518,"[389, 262, 527, 387]",TP
76NJ,Rwj University Hospital Hamilton,40.21726944444445,-74.671575,0,0,True,0.2938,"[55, 491, 270, 640]",TN
76PA,Geisinger St Luke's Hospital,40.64191666666667,-76.09136944444444,0,1,True,0.5969,"[209, 0, 390, 81]",FP
76PN,Heritage Valley Beaver,40.71133888888889,-80.32189444444444,1,1,True,0.636,"[228, 231, 415, 403]",TP
77NJ,Liberty State Park,40.69583333333333,-74.05911111111111,0,0,True,0.3546,"[328, 0, 427, 41]",TN
78NJ,Hazlet Township Police,40.42638888888889,-74.13991666666668,0,0,False,0.0,,TN
78NK,Franjo,41.293906,-74.34551499999999,1,0,False,0.0,,FN
78PA,Sap America,39.987027777777776,-75.41594444444445,1,0,False,0.0,,FN
78PN,Farmington Township Airpark,41.37352222222222,-79.30660833333333,1,1,True,0.7394,"[237, 239, 395, 383]",TP
79NJ,Philips Lighting Company,40.538694444444445,-74.52683333333333,1,0,True,0.3296,"[223, 231, 394, 382]",FN
79PN,Geisinger Rooftop,40.967891,-76.60572099999999,1,1,True,0.7128,"[294, 233, 423, 350]",TP
7NJ0,Indian Mills,39.80219444444444,-74.75952777777778,0,0,False,0.0,,TN
7NJ1,New Freedom Switching Station,39.73997222222222,-74.96411111111111,1,1,True,0.7743,"[226, 225, 402, 391]",TP
7NJ3,Newton Meml Hospital,41.05722222222222,-74.77,1,1,True,0.7892,"[136, 239, 318, 409]",TP
7NJ5,Morristown Medical Center,40.789366666666666,-74.46581944444445,1,1,True,0.5996,"[293, 265, 407, 365]",TP
7NJ6,Lebanon Twnshp Mun Bldg,40.7176,-74.89211222222222,0,0,False,0.0,,TN
7NJ8,Merck & Company,40.60925,-74.26005555555555,1,1,True,0.701,"[279, 261, 409, 383]",TP
7NK2,Saratoga Hospital,43.08665277777778,-73.80139722222222,1,0,True,0.3376,"[201, 227, 414, 412]",FN
7NK8,Westchester Medical Center,41.08490277777778,-73.8053361111111,1,1,True,0.6533,"[252, 256, 383, 380]",TP
7NY3,North Shore University Hospital,40.778083333333335,-73.70188888888889,1,1,True,0.6724,"[181, 235, 364, 396]",TP
7NY5,State Police Troop K,41.78342694444444,-73.75429638888889,0,0,False,0.0,,TN
7NY7,Palisades Conference Center,41.01914166666666,-73.91814722222223,1,1,True,0.6487,"[265, 268, 371, 364]",TP
7NY9,Yorktown Helipad,41.21194444444445,-73.80333333333333,0,0,False,0.0,,TN
7PA0,Opa,40.65102777777778,-76.1141111111111,1,1,True,0.7131,"[266, 244, 413, 380]",TP
7PA7,Wayne Meml Hospital,41.58983611111111,-75.26194444444444,1,0,True,0.3794,"[237, 245, 400, 392]",FN
7PN5,Letterkenny Army Depot Helipad,39.883425,-77.64971333333334,0,0,True,0.4522,"[575, 267, 640, 368]",TN
7PN6,Hagan,39.82472222222223,-76.63,0,0,True,0.3111,"[33, 122, 176, 248]",TN
7PN7,Wellspan York Hospital Alternate,39.9439,-76.74233333333333,1,1,True,0.7398,"[267, 284, 379, 389]",TP
7PN9,East Forest Junior/Senior High School,41.475008333333335,-79.12610833333332,0,0,True,0.4865,"[0, 514, 254, 640]",TN
7PS0,B S Corporation Steelton Plant,40.22431944444445,-76.82784166666666,0,0,False,0.0,,TN
7PS2,Braehead,39.98788666666667,-75.49103555555556,0,0,False,0.0,,TN
7PS3,Susquehanna High School,41.94978611111111,-75.58895277777778,0,1,True,0.6908,"[376, 376, 485, 476]",FP
7PS4,Lehigh Valley Hospital/Carbon,40.81155277777778,-75.74688611111111,0,0,True,0.2527,"[559, 366, 639, 535]",TN
7PS5,Muncy Valley Hospital,41.210769444444445,-76.77334166666667,1,1,True,0.6456,"[218, 73, 358, 201]",TP
7PS6,Allegheny Valley Hospital,40.61913333333333,-79.73785,1,1,True,0.7854,"[240, 240, 402, 385]",TP
7PS8,Bucktail Medical Center,41.32718611111112,-77.73621666666666,1,1,True,0.8018,"[241, 249, 386, 381]",TP
7PS9,Penn Highlands Elk,41.42574444444444,-78.57726666666666,1,1,True,0.7566,"[225, 232, 418, 407]",TP
80MA,Tew Mac,42.59751944444445,-71.20462777777779,0,0,True,0.458,"[273, 281, 347, 350]",TN
80NJ,Freedom Lake Center,39.89977777777778,-74.93547222222223,1,0,True,0.4926,"[271, 258, 390, 367]",FN
81PN,Armstrong County Meml Hospital,40.808212777777776,-79.5634923611111,1,1,True,0.7853,"[227, 236, 404, 402]",TP
82NJ,PvMc,40.98433888888889,-74.01550555555555,1,1,True,0.7751,"[255, 262, 384, 376]",TP
83NJ,The Lofts At Gloucesters,39.791352777777774,-75.04761388888889,0,1,True,0.5084,"[12, 564, 135, 640]",FP
84CT,Bridgeport Boatworks,41.17263,-73.176828,1,0,False,0.0,,FN
84NK,St Luke's Cornwall Hospital,41.43458333333333,-74.0411111111111,0,0,False,0.0,,TN
84PA,Ged,40.30925944444444,-75.82630972222222,0,0,False,0.0,,TN
85MA,Lahey Hospital,42.483675,-71.20570833333333,1,1,True,0.788,"[213, 234, 384, 387]",TP
85NJ,Virtua-Voorhees Hospital,39.846919444444445,-74.927,1,0,True,0.4298,"[229, 241, 398, 385]",FN
86NJ,Two Can Sam,39.45333333333333,-75.12527777777777,1,1,True,0.6914,"[241, 281, 374, 401]",TP
86PS,Medstar - Somerset Base,40.03004722222222,-79.08178055555555,0,0,False,0.0,,TN
87MA,Miara1,42.533408,-71.134173,0,0,False,0.0,,TN
87N,Southampton,40.84625555555556,-72.46638888888889,1,1,True,0.7434,"[257, 261, 398, 388]",TP
87NJ,Shore Medical Center,39.31456666666666,-74.593125,1,1,True,0.7168,"[317, 259, 457, 382]",TP
87NY,Clearview,40.82622222222223,-72.74539444444444,0,0,False,0.0,,TN
88PN,Coal Township,40.80384166666666,-76.55782222222221,0,0,False,0.0,,TN
89PA,Kirschstein,40.46651666666667,-79.62770555555555,0,0,True,0.3469,"[291, 279, 367, 355]",TN
8NJ2,Carnegie Center,40.32214444444445,-74.64730555555556,1,0,False,0.0,,FN
8NJ3,Lembo,40.908144444444446,-74.13299444444444,0,1,True,0.5023,"[57, 22, 172, 135]",FP
8NJ4,Inspira Health Center-Bridgeton,39.43655277777778,-75.22114444444445,1,1,True,0.5649,"[261, 261, 375, 369]",TP
8NJ8,Kraemer,39.74561111111111,-75.16716666666667,0,0,False,0.0,,TN
8NK3,Saratoga Medical Park,42.971944444444446,-73.80583333333333,1,0,False,0.0,,FN
8NK5,St Luke's Cornwall Hospital-Newburgh,41.50270555555556,-74.01556666666667,1,1,True,0.6024,"[258, 253, 383, 365]",TP
8NY4,Guthrie Corning Hospital,42.13498333333333,-76.97088055555555,1,1,True,0.5349,"[236, 236, 404, 388]",TP
8NY6,Mercy Hospital of Buffalo,42.84721111111112,-78.81150833333334,1,1,True,0.6178,"[190, 254, 341, 387]",TP
8NY9,NAssau County Police,40.74555,-73.49073888888888,1,0,True,0.3631,"[450, 108, 536, 185]",FN
8PA2,Ronca,40.684264444444445,-75.33406833333333,0,0,False,0.0,,TN
8PA5,Echo 8 Communications Facility,40.81450833333333,-79.50615555555555,0,0,False,0.0,,TN
8PA7,Lazzarini,40.79664722222222,-75.358125,0,0,False,0.0,,TN
8PN5,Helfrick,40.833419166666665,-76.5496786111111,0,0,True,0.2965,"[445, 0, 639, 205]",TN
8PN6,Lansdale Hospital,40.25238888888889,-75.27033333333333,1,1,True,0.5215,"[232, 251, 410, 406]",TP
8PN7,Cameron County Junior/Senior High School,41.5135,-78.24843055555556,0,0,False,0.0,,TN
8PS5,HMc Hangar,40.26191666666666,-76.68470833333333,1,0,True,0.2858,"[247, 218, 442, 387]",FN
8PS7,Geisinger Community Medical Center,41.399052777777776,-75.64312222222223,1,1,True,0.7597,"[252, 251, 395, 380]",TP
8PS9,Wyoming County Healthcare Center,41.57840972222223,-75.9704775,1,1,True,0.7806,"[503, 296, 635, 414]",TP
90NJ,Bridgewater Crossing,40.581944444444446,-74.61088888888888,0,0,True,0.3384,"[0, 1, 117, 153]",TN
90PN,Miners Medical Center,40.65833333333333,-78.70611111111111,1,1,True,0.6773,"[219, 224, 402, 381]",TP
91NJ,Newport Helistop,40.72444444444445,-74.02972222222222,1,1,True,0.7628,"[248, 270, 382, 397]",TP
91PA,Clarion Hospital,41.19254722222222,-79.39839166666667,1,1,True,0.6532,"[234, 239, 383, 365]",TP
91PN,Lehigh Valley Hospital Schuylkill,40.6903675,-76.19216527777778,1,1,True,0.738,"[384, 252, 563, 418]",TP
93NY,Taylor Fld At Fort Hamilton,40.605291666666666,-74.0222611111111,0,0,False,0.0,,TN
94NJ,Pio Costa Sand & Gravel,40.86561111111112,-74.91736111111112,1,1,True,0.6916,"[234, 242, 395, 386]",TP
94PN,Wellspan York Hospital,39.94482222222222,-76.7182138888889,0,0,False,0.0,,TN
95NJ,Middle Sedge Island,40.0001175,-74.08013694444445,0,0,False,0.0,,TN
96NJ,Virtua Willingboro Hospital,40.04613888888889,-74.8786111111111,0,0,False,0.0,,TN
96NY,Massaro,41.383008333333336,-73.73854722222222,1,0,False,0.0,,FN
98NJ,Creamer,40.87502222222222,-74.03565,0,0,False,0.0,,TN
98PN,Lehigh Valley Hospital Cedar Crest,40.56550555555555,-75.52349166666667,0,1,True,0.5722,"[269, 75, 416, 187]",FP
99NJ,Atlantic County Helistop,39.37555555555556,-74.53611111111111,0,0,False,0.0,,TN
99PN,Lebanon Des,40.31241388888888,-76.41918333333334,0,0,True,0.3018,"[184, 0, 402, 46]",TN
9CT1,The Towers,41.1445,-73.42853333333333,1,1,True,0.7408,"[269, 246, 409, 369]",TP
9MA8,Wayne West,41.84666666666667,-70.76033333333334,0,0,False,0.0,,TN
9NJ2,Bound Brook Nr 2,40.55649194444444,-74.56237833333333,0,0,False,0.0,,TN
9NJ3,Verizon Helistop,40.72733333333333,-74.53561111111111,1,1,True,0.7425,"[285, 258, 403, 367]",TP
9NJ4,Robert Wood Johnson Hospital,40.49579444444444,-74.44988611111111,1,1,True,0.8007,"[301, 248, 442, 376]",TP
9NJ9,Kennedy Health System,39.73553888888889,-75.06521111111111,0,1,True,0.6751,"[160, 0, 340, 139]",FP
9NK2,Uhs Chenango Meml Hospital,42.54251388888888,-75.52702222222221,1,1,True,0.5697,"[225, 225, 421, 399]",TP
9NY0,Bumblebee,41.391080555555554,-74.47236666666667,0,0,False,0.0,,TN
9NY1,Wilson Meml Rgnl Medical Center,42.11448466666667,-75.95809025,0,0,False,0.0,,TN
9NY2,Westfield Meml Hospital,42.32955833333334,-79.57086666666666,1,0,True,0.4039,"[213, 242, 410, 408]",FN
9NY3,Susquehanna,42.09729638888889,-76.22465333333334,0,0,False,0.0,,TN
9NY5,CMc Atlantic LLC,40.77327777777778,-72.96052777777778,0,0,False,0.0,,TN
9NY9,Poughkeepsie Main Plant,41.65723611111111,-73.93562777777778,1,1,True,0.7117,"[246, 242, 407, 390]",TP
9PA1,Endless Mountains Health Systems,41.83809166666667,-75.83736111111111,1,1,True,0.6778,"[263, 266, 371, 367]",TP
9PA6,State Police Area Six,39.99593333333333,-75.21812222222222,0,0,False,0.0,,TN
9PA8,Thomas Jefferson University Hospital,39.94900166666666,-75.15851083333334,1,1,True,0.7847,"[62, 274, 188, 393]",TP
9PA9,Lankenau Medical Center,39.98812777777778,-75.25961111111111,1,1,True,0.7492,"[240, 241, 396, 378]",TP
9PN2,Childrens Hospital of Philadelphia,39.9483,-75.19388611111111,1,1,True,0.7673,"[191, 295, 329, 417]",TP
9PN9,Perin,40.84704,-75.24379055555556,0,0,False,0.0,,TN
9PS0,Zokaites,40.60885555555556,-80.03229444444445,0,0,False,0.0,,TN
9PS3,Doylestown,40.30896944444444,-75.14843055555556,1,1,True,0.7019,"[222, 229, 415, 407]",TP
9PS4,Pheasant Run,40.749541944444445,-75.21017694444444,0,0,False,0.0,,TN
9PS5,Reading Hospital,40.32975833333334,-75.94978611111111,1,1,True,0.7912,"[272, 263, 382, 365]",TP
9PS9,St Mary Medical Center,40.202200000000005,-74.9229388888889,1,1,True,0.7451,"[396, 306, 538, 429]",TP
CT00,Electro-Methods Inc,41.83204166666667,-72.60090555555556,0,0,False,0.0,,TN
CT02,Clark Hill,41.64232222222222,-72.56342222222221,0,0,False,0.0,,TN
CT03,Bristol Hospital,41.67628333333333,-72.93623055555555,1,1,True,0.7638,"[299, 275, 423, 381]",TP
CT04,Chase,41.78944444444444,-72.79916666666666,1,0,True,0.347,"[255, 155, 443, 310]",FN
CT05,Kaman Aerospace Corp,41.86204277777778,-72.69981527777779,0,0,False,0.0,,TN
CT10,Flat Rock Farm,41.74263055555556,-71.8125,0,0,False,0.0,,TN
CT12,Medical Center,41.20121944444445,-73.20156944444444,0,0,False,0.0,,TN
CT28,Ct Dept of Veterans Affairs,41.6584325,-72.64759222222223,0,0,False,0.0,,TN
CT31,Bradway Pond,41.95438888888889,-72.35216666666666,0,0,True,0.347,"[115, 491, 208, 574]",TN
CT37,Sikorsky Bridgeport,41.16101388888889,-73.204925,1,0,False,0.0,,FN
CT40,Bob Thomas Ford,41.370691666666666,-72.91753055555556,0,0,False,0.0,,TN
CT41,Sacred Heart University,41.21731833333334,-73.25539305555556,1,1,True,0.7116,"[16, 500, 153, 623]",TP
CT50,Marks,41.94338888888888,-72.70906388888889,0,0,False,0.0,,TN
CT60,Ultimate,41.67421111111111,-72.89691944444445,0,0,True,0.4605,"[119, 418, 238, 525]",TN
CT71,Rtx Farmington,41.70895,-72.8021,1,1,True,0.5594,"[205, 214, 428, 422]",TP
CT73,South Meadows,41.72315555555556,-72.86009999999999,0,0,False,0.0,,TN
CT75,Uconn Health,41.73328055555556,-72.7931111111111,1,1,True,0.7237,"[253, 249, 386, 373]",TP
CT86,Sanford,41.43298055555555,-72.39498611111112,0,0,False,0.0,,TN
CT92,Bemer,41.623158333333336,-72.60199444444444,0,0,False,0.0,,TN
CT93,Backus Hospital,41.54235555555555,-72.09094999999999,1,1,True,0.7121,"[269, 260, 384, 369]",TP
CT95,Meriden-Wallingford Hospital,41.54798888888889,-72.8003611111111,1,1,True,0.7217,"[29, 84, 182, 219]",TP
CT98,Middlesex Hospital,41.55486111111111,-72.64621666666667,1,1,True,0.7712,"[310, 250, 461, 382]",TP
H43,Haverstraw,41.21097222222223,-73.96976388888889,0,0,True,0.4171,"[498, 230, 639, 371]",TN
JRA,West 30th St,40.75490277777778,-74.00705972222222,1,0,True,0.2876,"[241, 181, 425, 368]",FN
JRB,Downtown Manhattan/Wall St,40.70121361111112,-74.00902833333333,1,1,True,0.6247,"[470, 500, 640, 639]",TP
JSD,Sikorsky,41.24733333333334,-73.09776111111111,1,1,True,0.5094,"[183, 188, 440, 427]",TP
JY00,Pio Costa Enterprises,40.863,-74.31755555555556,1,0,False,0.0,,FN
JY01,Hunterdon Medical Center,40.53197222222222,-74.86206388888888,1,1,True,0.7489,"[253, 267, 363, 367]",TP
JY02,Trade Zone,40.89646666666667,-74.71931388888889,1,0,True,0.3879,"[254, 253, 379, 369]",FN
JY06,The Farm,40.67292055555556,-74.69341805555555,1,1,True,0.7067,"[228, 176, 367, 305]",TP
JY11,Jefferson Stratford Hospital,39.827758333333335,-75.00625,1,0,False,0.0,,FN
JY14,Halka,40.22111111111112,-74.39208333333335,0,0,False,0.0,,TN
JY15,Alex and Angel,39.891352777777776,-74.81130555555555,0,0,False,0.0,,TN
JY16,Merrill Creek Reservoir,40.74,-75.09055555555555,0,0,False,0.0,,TN
JY18,Warren Hopely,39.92344444444444,-74.75697222222222,0,0,False,0.0,,TN
JY21,New Jersey Turnpike,40.31786111111112,-74.48961111111112,1,0,True,0.3928,"[22, 604, 139, 639]",FN
JY25,Liberty Cross Landing,40.72330555555556,-74.68778055555556,0,0,True,0.2866,"[14, 495, 251, 639]",TN
JY27,White Willow,40.92813888888889,-74.84394444444445,1,0,False,0.0,,FN
JY28,Atlantic City Medical Center,39.479616666666665,-74.53923888888889,1,1,True,0.7665,"[223, 218, 407, 398]",TP
JY32,Bayside State Prison,39.24138888888889,-74.95138888888889,1,0,True,0.3256,"[363, 240, 463, 329]",FN
JY34,Verizon,40.67252777777777,-74.6358888888889,1,1,True,0.6432,"[253, 255, 395, 384]",TP
JY36,Mianecki,41.03483333333333,-74.84641666666666,0,0,False,0.0,,TN
JY64,Virtua Our Lady of Lourdes Hospital,39.92820833333333,-75.0943361111111,0,0,True,0.3056,"[561, 0, 640, 72]",TN
JY79,Oceans Casino Resort,39.362297222222224,-74.4161388888889,0,1,True,0.5784,"[345, 231, 499, 375]",FP
MA01,Gillette Stadium,42.08866111111112,-71.2632888888889,1,1,True,0.5712,"[215, 207, 439, 409]",TP
MA02,Msp Ghq,42.29659430555555,-71.41583083333335,1,1,True,0.7496,"[253, 250, 408, 384]",TP
MA03,Sturdy Meml Hospital,41.94047777777777,-71.27710277777777,0,0,False,0.0,,TN
MA09,Mojarr,42.050291666666666,-71.89023055555556,1,0,True,0.4272,"[281, 258, 384, 350]",FN
MA10,Chambers,42.37815555555556,-71.08857222222221,1,1,True,0.6985,"[290, 285, 394, 377]",TP
MA11,Dog Fish Bar,41.35422222222223,-70.80475555555556,0,0,False,0.0,,TN
MA13,Nugent,42.627873055555554,-70.6378213888889,0,0,False,0.0,,TN
MA15,Pond Road,42.62842861111111,-70.64338083333334,0,0,False,0.0,,TN
MA20,Beverly Hospital,42.5662,-70.87822499999999,1,1,True,0.5025,"[210, 224, 401, 396]",TP
MA22,The Beat,42.315127777777775,-71.04926388888889,1,1,True,0.5978,"[211, 232, 399, 395]",TP
MA23,North Bay,41.6268,-70.39961666666667,0,0,False,0.0,,TN
MA29,Camp Edwards,41.67149611111111,-70.56475138888888,0,0,False,0.0,,TN
MA31,Charlton Meml Hospital,41.70977222222223,-71.14680277777778,1,1,True,0.7738,"[243, 255, 396, 390]",TP
MA32,Atlantic Trade,42.26119611111111,-71.76951944444444,0,0,True,0.2574,"[606, 361, 640, 481]",TN
MA35,Hat Factory,42.835125000000005,-70.93108333333333,0,0,False,0.0,,TN
MA37,Falmouth Hospital,41.56514166666666,-70.62465555555555,1,1,True,0.5616,"[248, 255, 388, 375]",TP
MA39,Brigham & Women's Hospital,42.33638888888889,-71.10674999999999,1,1,True,0.7658,"[215, 247, 367, 389]",TP
MA41,Princess Lane,42.22435555555556,-71.55968055555556,0,0,False,0.0,,TN
MA42,U S C G,42.61009527777778,-70.66004416666667,0,0,False,0.0,,TN
MA45,Simmons,42.12510111111112,-70.84309777777777,0,0,False,0.0,,TN
MA46,Army Ntl Guard,42.130652777777776,-71.48422777777778,0,0,False,0.0,,TN
MA47,Chicopee,42.18259277777778,-72.56147694444444,0,0,False,0.0,,TN
MA50,Compaq Marlboro,42.326205,-71.57617666666667,0,0,False,0.0,,TN
MA51,Richie's,41.63834722222222,-71.039425,0,0,False,0.0,,TN
MA57,Us Property & Fiscal Office,42.28342944444445,-71.36617027777777,0,0,False,0.0,,TN
MA62,Marthas Vineyard Hospital,41.45981166666667,-70.57892069444443,1,1,True,0.6657,"[262, 276, 396, 393]",TP
MA66,Tufts Medical Center,42.34903747222222,-71.06322405555555,1,1,True,0.7384,"[179, 206, 314, 317]",TP
MA68,Massachusetts Mutual Life Insurance Company,42.11623275,-72.54255927777777,1,1,True,0.5825,"[230, 245, 405, 401]",TP
MA83,Hubbard Rgnl Hospital,42.02750555555556,-71.852825,1,1,True,0.5807,"[236, 250, 394, 381]",TP
MA95,Bear Hole,42.12648194444444,-72.66953555555556,0,0,False,0.0,,TN
MA98,Anna Jaques Hospital,42.81383888888889,-70.89154444444445,1,1,True,0.7407,"[175, 273, 359, 436]",TP
MA99,Princess House,41.86121222222222,-71.10782305555556,0,0,False,0.0,,TN
MUI,Muir AHP (Fort Indiantown Gap),40.43523025,-76.56863144444443,1,0,False,0.0,,FN
N09,Northfield,41.72370805555556,-73.11566555555555,0,0,False,0.0,,TN
N48,Horsham Valley Airways Inc,40.2020525,-75.17822916666667,1,1,True,0.6939,"[80, 506, 245, 639]",TP
N95,Carlisle Barracks,40.20352222222223,-77.16301944444444,1,0,True,0.2933,"[191, 204, 402, 401]",FN
NJ01,Campbell Soup,39.94044444444444,-75.10663888888888,1,1,True,0.7544,"[239, 249, 358, 359]",TP
NJ02,Camden Tower,39.94842222222222,-75.13030555555555,1,0,True,0.2599,"[350, 257, 518, 402]",FN
NJ03,Prudential Center,40.733244444444445,-74.17194722222223,1,1,True,0.7226,"[230, 229, 395, 366]",TP
NJ04,At&t Cedarbrook,39.74497222222222,-74.9143888888889,0,0,True,0.3081,"[381, 561, 447, 622]",TN
NJ05,Jersey Shore University Medical Center,40.20981944444445,-74.04105277777778,1,1,True,0.7755,"[337, 268, 466, 375]",TP
NJ08,Stone Harbor Golf Club,39.10539444444444,-74.80939166666667,0,1,True,0.59,"[343, 400, 435, 487]",FP
NJ10,Dayton,40.37281111111111,-74.517375,1,1,True,0.6389,"[152, 215, 418, 451]",TP
NJ12,State Police Bloomfield,40.83814722222223,-74.17859166666668,1,1,True,0.7692,"[256, 259, 385, 379]",TP
NJ17,Cooper Kelemen,39.94111111111111,-75.11638888888888,1,1,True,0.6323,"[223, 315, 344, 428]",TP
NJ19,Deborah Heart & Lung Center,39.97872555555556,-74.58404416666666,1,1,True,0.7919,"[214, 327, 338, 440]",TP
NJ22,Hackensack Medical Center,40.88428888888889,-74.0561361111111,1,1,True,0.5507,"[248, 251, 392, 381]",TP
NJ26,On 3 Helistop,40.8351,-74.1526138888889,0,0,False,0.0,,TN
NJ27,Wrnj,40.8463,-74.80494999999999,1,0,False,0.0,,FN
NJ28,NWS Earle,40.25427805555555,-74.1690313888889,0,0,False,0.0,,TN
NJ29,South County,40.30010861111111,-74.53293138888888,0,0,False,0.0,,TN
NJ38,Martens Stadium,40.773989444444446,-74.20931194444445,0,0,False,0.0,,TN
NJ40,Hovtown,40.21888888888889,-74.095,0,0,False,0.0,,TN
NJ41,Hudson Farm West,40.987875555555554,-74.72516388888889,0,0,False,0.0,,TN
NJ44,Liberty Hall,40.67510222222222,-74.24542361111111,0,0,False,0.0,,TN
NJ48,Golden Nugget Atlantic City,39.37997222222222,-74.42683333333333,1,1,True,0.6174,"[300, 263, 494, 443]",TP
NJ51,Florham Park,40.79333055555556,-74.38027777777778,1,1,True,0.7695,"[236, 266, 377, 395]",TP
NJ53,Nj Hwy Auth-Admin Bldg Helispot,40.537326944444445,-74.2982025,0,0,True,0.282,"[265, 28, 487, 220]",TN
NJ54,George Washington Bridge,40.85386111111112,-73.96955555555556,1,1,True,0.6369,"[0, 43, 110, 146]",TP
NJ55,Greely Helipad,40.31697777777778,-74.03815833333333,1,1,True,0.503,"[197, 200, 432, 412]",TP
NJ57,Steel Pier,39.35636111111111,-74.41825,1,1,True,0.6318,"[84, 124, 211, 238]",TP
NJ62,Lz 1 Nldc,39.88988888888889,-74.5816111111111,0,0,True,0.3468,"[125, 424, 405, 640]",TN
NJ66,Hackettstown Medical Center,40.86167777777778,-74.81465555555555,1,1,True,0.8178,"[232, 231, 417, 407]",TP
NJ71,Holmansville,40.09872222222222,-74.31530555555555,0,0,False,0.0,,TN
NJ73,State Police Holmdel Helispot,40.394275,-74.17930972222223,0,0,False,0.0,,TN
NJ76,Hq 78th Division,40.524548333333335,-74.42570694444444,0,0,True,0.4145,"[3, 202, 125, 313]",TN
NJ77,Warren County Public Safety Dept,40.74097222222223,-75.0215,0,0,True,0.4716,"[276, 176, 533, 398]",TN
NJ87,University Hospital Rooftop,40.74084722222222,-74.19084166666667,1,1,True,0.625,"[137, 227, 309, 385]",TP
NJ89,Southern Ocean Medical Center,39.720888888888894,-74.28309722222222,1,1,True,0.7106,"[263, 270, 378, 380]",TP
NJ92,St Benedict's,40.735147222222224,-74.17849722222223,0,1,True,0.6265,"[249, 237, 400, 380]",FP
NJ97,Nj Turnpike Authority,39.95611111111111,-74.91969444444445,1,1,True,0.7402,"[227, 253, 398, 406]",TP
NJ99,Vonage,40.34952777777778,-74.19058333333334,1,1,True,0.5558,"[177, 206, 419, 424]",TP
NK11,Troop B Headquarters,44.30131111111111,-74.07981944444444,1,0,True,0.2868,"[420, 279, 604, 444]",FN
NK14,Little Falls Ems,43.04087777777777,-74.83665833333333,1,1,True,0.7775,"[248, 256, 392, 383]",TP
NK18,Peconic Bay Medical Center,40.93483055555555,-72.67412777777778,1,1,True,0.5232,"[264, 266, 439, 422]",TP
NK23,Tetz Landing,41.54855,-74.46852222222222,1,1,True,0.7051,"[237, 238, 402, 393]",TP
NK29,Margaretville Hospital,42.14705555555555,-74.64200000000001,0,0,False,0.0,,TN
NK32,Ny Arng,42.66674527777778,-73.83290027777777,0,0,False,0.0,,TN
NK33,Ny State Police - Troop T,42.627466,-73.77737499999999,1,0,True,0.3849,"[155, 189, 444, 452]",FN
NK37,Nyu Langone Hospital/Long Island,40.74176777777778,-73.64401777777779,0,0,False,0.0,,TN
NK39,One Police Plaza,40.712519444444446,-74.00171944444445,0,0,False,0.0,,TN
NK40,Regeneron Campus,41.11280833333333,-73.86283888888889,1,1,True,0.6982,"[231, 243, 404, 405]",TP
NK47,Saint James Hospital,42.3575,-77.66444444444446,0,0,False,0.0,,TN
NK48,Eastern Long Island,41.10995555555556,-72.36010555555555,1,1,True,0.5052,"[232, 251, 385, 380]",TP
NK49,Owego,42.102851944444446,-76.22131972222222,0,1,True,0.5324,"[353, 124, 439, 206]",FP
NK50,St Mary's Hospital Elevated,42.95454444444445,-74.21635833333333,0,0,False,0.0,,TN
NK55,Onondaga County Sheriff's Department,43.08506666666667,-76.28706805555555,0,0,True,0.3728,"[201, 80, 455, 274]",TN
NK56,Fishkill Plant,41.54342666666666,-73.8190225,0,0,False,0.0,,TN
NK58,Gibraltar,42.528394166666665,-78.90725555555557,0,0,False,0.0,,TN
NK61,General Electric R&d Center,42.826038888888895,-73.87406388888888,1,1,True,0.649,"[186, 205, 432, 422]",TP
NK63,Wyoming County Community Health,42.75340530555555,-78.13146611111111,1,1,True,0.6361,"[237, 249, 398, 386]",TP
NK64,AMcH,42.653733333333335,-73.77560277777778,0,0,True,0.4651,"[103, 278, 218, 387]",TN
NK67,Mather Hospital,40.940575,-73.05337777777777,0,0,False,0.0,,TN
NK75,Thomas E Perdue,44.93673333333333,-74.90910277777779,1,1,True,0.5448,"[234, 256, 390, 371]",TP
NK77,Niagara Falls Meml Parking Ramp,43.09390833333334,-79.05087222222222,0,0,False,0.0,,TN
NK78,Ge Management Development Institute,41.18775,-73.86813888888888,1,1,True,0.7343,"[237, 224, 363, 348]",TP
NK84,Safe Flight Instrument Corp,41.08160277777778,-73.7129638888889,1,1,True,0.7444,"[238, 281, 355, 388]",TP
NK90,Tli,41.14509527777778,-73.86846888888888,0,0,False,0.0,,TN
NK95,Bastek,41.32092777777778,-74.50432555555555,0,0,False,0.0,,TN
NK96,Midhudson Rgnl Hospital of Westchester Med Cntr,41.71855833333333,-73.92855833333334,1,1,True,0.7184,"[223, 223, 419, 416]",TP
NY04,Clive Holmes Estate,40.91411111111111,-73.52059722222222,0,0,False,0.0,,TN
NY08,Port Jervis Fire Department,41.37703805555556,-74.67599583333333,1,0,True,0.2605,"[275, 226, 586, 500]",FN
NY12,Auburn Community Hospital,42.94105277777778,-76.56432222222222,1,1,True,0.7982,"[263, 267, 372, 369]",TP
NY14,Ulster Heights Kingdom,41.762927777777776,-74.45483611111112,0,0,False,0.0,,TN
NY21,Dewitt,43.2147,-77.52299983333333,0,0,False,0.0,,TN
NY22,Nypd Air Operations (Floyd Bennett Fld),40.59035555555556,-73.88181944444443,1,0,True,0.307,"[378, 0, 581, 54]",FN
NY30,Hilltop,41.66855,-74.75773055555555,0,0,False,0.0,,TN
NY32,Cayuga Medical Center,42.46944444444445,-76.53611111111111,1,1,True,0.7647,"[170, 193, 358, 362]",TP
NY36,Adirondack Medical Center,44.34421666666667,-74.14227500000001,1,1,True,0.6094,"[252, 256, 372, 373]",TP
NY38,Johanson Estate,40.90689166666667,-73.51608888888889,0,0,True,0.2858,"[420, 198, 640, 385]",TN
NY43,Mt View,42.156619444444445,-73.999,0,0,False,0.0,,TN
NY44,Somers,41.31703861111112,-73.67985222222222,0,1,True,0.5423,"[219, 272, 418, 453]",FP
NY45,Robins Island South,40.96277777777778,-72.45666666666666,0,0,False,0.0,,TN
NY46,Bel-Aire Farms,41.850141666666666,-73.5991111111111,0,0,True,0.3633,"[233, 228, 378, 369]",TN
NY47,Wyeth Ayerst,41.077875000000006,-74.02483055555555,1,1,True,0.5414,"[248, 248, 401, 388]",TP
NY52,Staten Island University Hospital,40.58420277777778,-74.08326111111111,0,1,True,0.7633,"[256, 261, 382, 373]",FP
NY54,Evergreen Mountain,42.19277777777778,-74.32666666666667,1,0,True,0.3965,"[254, 267, 389, 381]",FN
NY58,Franjo Jo Airways,41.825664,-75.09922399999999,0,0,False,0.0,,TN
NY86,Wynn Hospital,43.10424444444445,-75.236025,0,0,True,0.3367,"[376, 594, 530, 639]",TN
NY90,Medina Meml Hospital,43.222144444444446,-78.39738333333334,1,1,True,0.7231,"[267, 266, 378, 368]",TP
NY93,Phillipsburg Landing,41.43233333333333,-74.36516666666667,0,0,False,0.0,,TN
NY99,Lakeview Shock Incarceration Correctional Facility,42.40759722222222,-79.43937777777778,1,1,True,0.7602,"[218, 224, 415, 406]",TP
P72,Penn's Landing,39.937335,-75.14128777777779,1,1,True,0.6766,"[359, 341, 522, 491]",TP
P99,W P H S,40.108105555555554,-79.54794166666666,1,1,True,0.6095,"[222, 230, 428, 413]",TP
PA03,Hospital of Univ of Pa/West,39.94971111111111,-75.19305833333334,0,0,False,0.0,,TN
PA04,Penn Highlands Brookville,41.1564525,-79.0930925,0,0,True,0.4382,"[7, 0, 197, 57]",TN
PA10,Penn Highlands Healthcare - Dubois,41.11465277777778,-78.77378611111111,1,1,True,0.7789,"[137, 360, 291, 505]",TP
PA11,Wellspan Gettysburg Hospital,39.82464722222223,-77.23591111111111,1,1,True,0.8191,"[267, 192, 411, 326]",TP
PA13,St Lukes Monroe,40.99834166666667,-75.26183888888889,0,0,False,0.0,,TN
PA14,Battlefield,39.78481861111111,-77.25665166666667,0,0,True,0.3037,"[592, 503, 640, 633]",TN
PA16,UpMc Shadyside Hospital,40.45428888888889,-79.93966111111112,1,1,True,0.7961,"[325, 254, 462, 375]",TP
PA22,West Penn Power,40.32027777777778,-79.54416666666667,1,1,True,0.5939,"[84, 120, 274, 292]",TP
PA23,Sl Carbon Campus,40.845125,-75.67228055555556,1,1,True,0.6116,"[205, 248, 406, 431]",TP
PA24,Excela Health Latrobe Hospital,40.32027777777778,-79.39361111111111,1,1,True,0.792,"[347, 210, 525, 365]",TP
PA27,Butz,40.60426305555556,-75.56213,0,0,False,0.0,,TN
PA28,Excela Health,40.300781,-79.55578961111111,1,1,True,0.7829,"[210, 260, 332, 366]",TP
PA29,Independence Health Frick Hospital,40.14534944444444,-79.55059416666667,1,1,True,0.7791,"[278, 142, 435, 283]",TP
PA34,St Lukes Anderson,40.651266666666665,-75.28835555555555,0,0,True,0.2816,"[108, 340, 307, 508]",TN
PA37,Sci-Mahanoy,40.79551944444445,-76.17702222222222,1,1,True,0.7704,"[217, 230, 404, 401]",TP
PA38,Penn Highlands Hospital,40.024639444444446,-79.5761773611111,1,1,True,0.6522,"[217, 216, 425, 409]",TP
PA39,Penn Presbyterian Medical Center - North,39.95916666666667,-75.19777777777779,1,1,True,0.6938,"[249, 250, 433, 410]",TP
PA41,Butler Meml Hospital,40.866935,-79.87989499999999,1,1,True,0.7443,"[288, 256, 435, 387]",TP
PA43,Foley,40.73616666666667,-80.03959444444445,1,0,True,0.4495,"[260, 266, 362, 370]",FN
PA46,UpMc Horizon Greenville Hospital,41.41176311111111,-80.37313049999999,1,0,True,0.3981,"[191, 227, 441, 444]",FN
PA48,Penn State Health Holy Spirit,40.25225833333333,-76.92073611111111,1,1,True,0.8034,"[254, 259, 383, 376]",TP
PA50,Bloomsburg Hospital,41.010041666666666,-76.45225,1,1,True,0.6878,"[221, 240, 386, 386]",TP
PA56,UPMC Passavant Cranberry,40.68374444444444,-80.09711666666666,1,1,True,0.8207,"[237, 244, 398, 395]",TP
PA57,Grove City Medical Ctr,41.17145833333333,-80.08491666666666,1,1,True,0.6588,"[245, 250, 396, 384]",TP
PA59,Cast & Baker,40.23811666666667,-80.17741666666667,0,0,False,0.0,,TN
PA60,Chambersburg Hospital,39.93302222222222,-77.64572500000001,1,1,True,0.8246,"[241, 239, 396, 380]",TP
PA62,Temple University,40.00570555555556,-75.15014444444445,1,1,True,0.7638,"[99, 253, 236, 373]",TP
PA63,Wpxi-Tv Evergreen Road,40.49507222222222,-80.01078055555556,1,1,True,0.7865,"[262, 261, 385, 374]",TP
PA64,State College West Pad,40.81176388888888,-77.91480833333334,1,1,True,0.7455,"[262, 258, 376, 368]",TP
PA67,Allegheny Hospitals Canonsburg,40.24605,-80.1913888888889,0,0,False,0.0,,TN
PA78,Sports Complex N Lot,39.90154444444444,-75.16134444444445,1,1,True,0.7072,"[217, 208, 424, 406]",TP
PA79,Tinicum Farms,40.529268888888886,-75.09961638888889,0,0,False,0.0,,TN
PA80,St Luke's Hospital,40.608525,-75.39424166666667,1,1,True,0.6931,"[318, 245, 434, 354]",TP
PA83,Newburg Hopewell Vfd,40.13780833333333,-77.54183333333333,0,0,False,0.0,,TN
PA85,Goh Greens Landing,41.921125,-76.52618888888888,1,1,True,0.5933,"[287, 268, 397, 366]",TP
PA87,Tek Park Breinigsville,40.545741666666665,-75.66185555555556,1,0,True,0.3665,"[197, 216, 428, 417]",FN
PA91,UpMc Kane,41.671188888888885,-78.81790833333334,1,1,True,0.7441,"[223, 239, 403, 401]",TP
PA93,Cherokee,40.68552777777777,-79.456625,0,0,False,0.0,,TN
PA94,Sharon Rgnl Health System,41.23169444444444,-80.49660833333333,1,1,True,0.6866,"[236, 245, 397, 388]",TP
PA95,Turnpike Nr 1,40.21510277777778,-76.79019444444444,1,1,True,0.7305,"[242, 244, 395, 388]",TP
PA97,Warren General Hospital,41.84403222222223,-79.15467291666667,1,1,True,0.5379,"[233, 251, 353, 358]",TP
PN03,Abington Meml Hospital,40.11923888888889,-75.11987222222221,1,1,True,0.5243,"[290, 226, 462, 374]",TP
PN09,UpMc Cole,41.771575,-77.97953333333334,1,1,True,0.6863,"[199, 226, 425, 420]",TP
PN20,Car Tech,40.37370833333333,-75.93685833333333,1,1,True,0.5849,"[173, 196, 438, 437]",TP
PN22,University of Pitt Medical Landing Area,41.949928,-78.66678161111112,0,0,False,0.0,,TN
PN23,University of Pittsburgh Med Center Mercy,40.43615138888889,-79.98502777777777,0,1,True,0.7184,"[0, 387, 137, 511]",FP
PN26,St Clair Hospital,40.378425,-80.06536388888888,1,1,True,0.804,"[235, 241, 398, 386]",TP
PN28,Campbell's,40.28661388888889,-75.1443388888889,1,1,True,0.5994,"[239, 253, 401, 390]",TP
PN29,Stevens Fire Company,40.213534,-76.148684,1,1,True,0.6121,"[183, 205, 428, 441]",TP
PN32,Indiana Rgnl Medical Center,40.60673888888889,-79.15612222222222,1,0,True,0.3477,"[258, 263, 370, 365]",FN
PN33,Air Methods,39.86416666666667,-77.15472222222223,1,1,True,0.5879,"[208, 301, 412, 473]",TP
PN34,Piasecki Heliplex,39.978750000000005,-75.87994166666665,1,1,True,0.5463,"[224, 244, 407, 408]",TP
PN42,Practice Football Fld,40.62506611111111,-79.14975694444445,0,0,False,0.0,,TN
PN44,Merck/Upper Gwynedd,40.21586666666667,-75.28033055555555,1,1,True,0.6748,"[197, 211, 445, 432]",TP
PN45,Wyoming Valley Medical Center,41.25778611111111,-75.80820555555555,0,0,False,0.0,,TN
PN47,Grand View Hospital,40.36222222222222,-75.32580555555555,0,0,False,0.0,,TN
PN52,Mike's,39.86722222222223,-75.93361111111112,0,0,False,0.0,,TN
PN56,Maciejewski Farm,40.895,-76.48138888888889,0,0,False,0.0,,TN
PN60,Motola's Paving,40.83775,-75.69721666666668,0,1,True,0.5466,"[35, 138, 113, 210]",FP
PN63,Limerick Generating Station,40.22647222222223,-75.58319999999999,1,1,True,0.6577,"[244, 242, 403, 389]",TP
PN70,Kint Farm,40.53559166666666,-77.37891666666665,0,0,False,0.0,,TN
PN74,Guthrie Troy Community Hospital,41.78199444444444,-76.80628888888889,0,0,False,0.0,,TN
PN75,Wilkes-Barre General Hospital,41.25837777777778,-75.86681666666667,0,0,True,0.2775,"[313, 365, 576, 593]",TN
PN76,UPMC Northwest,41.36232777777778,-79.70072222222223,1,1,True,0.7016,"[217, 268, 370, 403]",TP
PN78,600 Grant Street Rooftop,40.44201333333333,-79.99533083333334,1,1,True,0.5403,"[244, 354, 479, 567]",TP
PN79,Passavant Hospital,40.57337222222223,-80.01189166666667,1,1,True,0.7837,"[245, 244, 393, 375]",TP
PN80,West Penn Hospital,40.46079208333334,-79.9466925,1,1,True,0.7249,"[258, 247, 432, 399]",TP
PN82,Dvs,40.67428333333333,-75.5051,0,1,True,0.7025,"[301, 271, 398, 360]",FP
PN83,Goh Cressona,40.63893888888889,-76.19421944444444,0,0,False,0.0,,TN
PN86,Goodwill Fire Company Nr 1,40.69393611111111,-76.25504722222222,1,1,True,0.5589,"[208, 212, 417, 413]",TP
PN89,Ridgway,41.42369444444444,-78.73152777777779,0,0,False,0.0,,TN
PN94,Wiconisco Fire Company,40.569750000000006,-76.69595000000001,1,1,True,0.741,"[215, 217, 453, 444]",TP
PS01,Sterling,40.08127777777778,-74.89422222222223,1,1,True,0.5238,"[226, 220, 408, 386]",TP
PS07,St Lukes Miners Meml Hospital,40.82093611111112,-75.91472222222222,1,1,True,0.732,"[42, 304, 150, 405]",TP
PS13,Boeing Helicopters Center 3 South,39.858530555555554,-75.31954444444445,1,0,True,0.4351,"[176, 211, 456, 448]",FN
PS16,Holy Redeemer Hospital,40.11188888888889,-75.08133333333333,1,1,True,0.7374,"[219, 249, 394, 413]",TP
PS17,Marlboro Corporate Park,39.85801388888889,-75.69505000000001,1,0,True,0.2564,"[237, 275, 336, 369]",FN
PS22,Lehigh Vally Hospital - Hazleton,40.949666666666666,-75.96454444444444,1,1,True,0.7603,"[239, 256, 387, 381]",TP
PS23,Thompsontown Vfd,40.56632777777777,-77.23109722222222,0,0,True,0.3739,"[68, 261, 208, 380]",TN
PS29,Sugan Pond,40.37510555555556,-74.99127944444444,0,0,False,0.0,,TN
PS34,North Penn USARC,40.19177277777777,-75.34128944444444,0,0,False,0.0,,TN
PS35,Stone,39.94305555555555,-76.59472222222222,0,0,False,0.0,,TN
PS37,Geisinger Medical Center Muncy,41.24004722222222,-76.8064,1,1,True,0.7551,"[342, 216, 482, 348]",TP
PS41,UPMC-Horizon Hospital/Shenango Campus,41.209741666666666,-80.46881944444445,1,1,True,0.7824,"[222, 238, 357, 366]",TP
PS45,Mission Destiny,39.92083333333333,-76.48701111111112,0,1,True,0.6152,"[271, 270, 383, 367]",FP
PS48,Larksville Ems,41.25953333333333,-75.93524722222223,1,1,True,0.7482,"[257, 260, 387, 380]",TP
PS56,Morris,39.77926333333333,-77.25137388888889,1,0,False,0.0,,FN
PS57,Mount Nittany Medical Center,40.81937777777778,-77.84297222222222,1,1,True,0.8032,"[316, 300, 442, 415]",TP
PS58,Penn St Health/Lancaster Medical Center,40.0829,-76.38440555555556,1,1,True,0.5527,"[198, 245, 369, 387]",TP
PS59,Dickson City Hospital,41.45318888888889,-75.63267222222221,1,1,True,0.7431,"[206, 245, 359, 380]",TP
PS65,Crozer-Chester,39.85685,-75.36887222222222,1,1,True,0.7236,"[263, 260, 381, 367]",TP
PS71,St Mary Medical Center,40.20211111111112,-74.92267222222223,1,1,True,0.7297,"[252, 258, 392, 380]",TP
PS72,Haig-K,40.064902777777775,-75.61080555555554,0,0,False,0.0,,TN
PS74,Hahn,40.800288888888886,-75.33807777777777,1,0,False,0.0,,FN
PS78,Pittsburgh City Center,40.44333888888889,-79.96056666666667,1,1,True,0.5748,"[191, 240, 380, 413]",TP
PS81,Robert Packer Hospital,41.97943888888889,-76.52053611111111,1,1,True,0.8201,"[245, 257, 386, 376]",TP
PS83,Glaxosmithkline LLC,40.07858611111112,-75.32909444444444,1,1,True,0.7552,"[243, 239, 401, 388]",TP
PS91,Conemaugh Meml Medical Center,40.30555555555555,-78.91805555555555,1,1,True,0.5316,"[157, 234, 308, 365]",TP
PS92,Va Medical Center,40.31562222222222,-76.40433055555556,0,0,False,0.0,,TN
PS95,Mazzuca,40.68579444444444,-76.21065833333334,1,1,True,0.6757,"[231, 242, 402, 391]",TP
T27,Independent,41.49277777777778,-74.1043611111111,0,0,True,0.4086,"[148, 0, 383, 180]",TN
